Category,Sub-category,List Name,List ID,Event Type,Event Date,Events Attended Appendage,Lead Source,Lead Source Description
Channel Partner Events,Crush Security,Crush Security - Black Hat Helicopter Gunship - LV - 08/03/26 - Attendees,1378,Channel,08/03/26,Crush Security - Black Hat Helicopter Gunship - LV - 08/03/26,Channel Partner - Crush,Crush Security - Black Hat Helicopter Gunship - LV - 08/03/26
Channel Partner Events,Crush Security,Crush Security - CISO Live Fire - ATL - 07/31/26 - Attendees,1310,Channel,07/31/26,Crush Security - CISO Live Fire - ATL - 07/31/26,Channel Partner - Crush,Crush Security - CISO Live Fire - ATL - 07/31/26
Channel Partner Events,Crush Security,Crush Security - CISO Live Fire - TX - 06/30/26 - Attendees,1034,Channel,06/30/26,Crush Security - CISO Live Fire - TX - 06/30/26,Channel Partner - Crush,Crush Security - CISO Live Fire - TX - 06/30/26
Channel Partner Events,Crush Security,Crush Security - CISO Live Fire - AZ - 06/08/26 - Attendees,969,Channel,06/08/26,Crush Security - CISO Live Fire - AZ - 06/08/26,Channel Partner - Crush,Crush Security - CISO Live Fire - AZ - 06/08/26
Channel Partner Events,Crush Security,—,—,Channel,07/20/26,Crush Security - Dine n' Dash - PHL - 07/20/26,Channel Partner - Crush,Crush Security - Dine n' Dash - PHL - 07/20/26
,,,,,,,,
Channel Partner Events,Evotek,Evotek - LVGK Game - LV - 05/29/26 - Attendees,930,Channel,05/29/26,Evotek - LVGK Game - LV - 05/29/26,Channel Partner - Evotek,Evotek - LVGK Game - LV - 05/29/26
Channel Partner Events,Evotek,Evotek - LVGK Game - LV - 04/13/26 - Attendees,726,Channel,04/13/26,Evotek - LVGK Game - LV - 04/13/26,Channel Partner - Evotek,Evotek - LVGK Game - LV - 04/13/26
,,,,,,,,
Channel Partner Events,GuidePoint Security,GuidePoint - Tigers vs. Yankees Game - 06/30/26 - Attendees,1042,Channel,06/30/26,GuidePoint - Tigers vs. Yankees Game - 06/30/26,Channel Partner - GPS,GuidePoint - Tigers vs. Yankees Game - 06/30/26
,,,,,,,,
Channel Partner Events,CyberOne,CyberOne - Black Hat Poolside Event - LV - 08/05/26 - Attendees,1380,Channel,08/05/26,CyberOne - Black Hat Poolside Event - LV - 08/05/26,Channel Partner - CyberOne,CyberOne - Black Hat Poolside Event - LV - 08/05/26
Channel Partner Events,CyberOne,CyberOne - TAO Dinner (After CISO XC) - CHI - 07/17/26 - Attendees,1128,Channel,07/17/26,CyberOne - TAO Dinner (After CISO XC) - CHI - 07/17/26,Channel Partner - CyberOne,CyberOne - TAO Dinner (After CISO XC) - CHI - 07/17/26
Channel Partner Events,CyberOne,CyberOne - Black Hat Dinner & Reception - LV - 08/05/26 - Attendees,1373,Channel,08/05/26,CyberOne - Black Hat Dinner & Reception - LV - 08/05/26,Channel Partner - CyberOne,CyberOne - Black Hat Dinner & Reception - LV - 08/05/26
,,,,,,,,
Channel Partner Events,Tevora,Tevora - Black Hat Dinner - LV - 08/05/26 - Attendees,1376,Channel,08/05/26,Tevora - Black Hat Dinner - LV - 08/05/26,Channel Partner - Tevora,Tevora - Black Hat Dinner - LV - 08/05/26
,,,,,,,,
Channel Partner Events,Zero Networks,Zero Networks - Black Hat USA Happy Hour - LV - 08/04/26 - Attendees,1400,Channel,08/04/26,Zero Networks - Black Hat USA Happy Hour - LV - 08/04/26,Channel Partner - Zero Networks,Zero Networks - Black Hat USA Happy Hour - LV - 08/04/26
,,,,,,,,
CISO Society,—,CISO Society - HTX - 06/17/26 - Attendees,984,General,06/17/26,CISO Society - HTX - 06/17/26,Marketing - CISO Society,CISO Society - HTX - 06/17/26
CISO Society,—,CISO Society - DEN - 05/26/26 - Attendees,932,General,05/26/26,CISO Society - DEN - 05/26/26,Marketing - CISO Society,CISO Society - DEN - 05/26/26
,,,,,,,,
CISOExecNet,—,CISOExecNet - Mid-West - 04/27/26 - Attendees,857,General,04/27/26,CISOExecNet - Mid-West - 04/27/26,Marketing - CisoExecNet,CISOExecNet - Mid-West - 04/27/26
CISOExecNet,—,CISOExecNet - PIT - 04/20/26 - Attendees,809,General,04/20/26,CISOExecNet - PIT - 04/20/26,Marketing - CisoExecNet,CISOExecNet - PIT - 04/20/26
CISOExecNet,—,CISOExecNet - NE - 04/15/26 - Attendees,802,General,04/15/26,CISOExecNet - NE - 04/15/26,Marketing - CisoExecNet,CISOExecNet - NE - 04/15/26
CISOExecNet,—,CISOExecNet - ATX - 04/10/26 - Attendees,724,General,04/10/26,CISOExecNet - ATX - 04/10/26,Marketing - CisoExecNet,CISOExecNet - ATX - 04/10/26
CISOExecNet,—,CISOExecNet - Virtual Event - 12/08/25 - Attendees,120,General,12/08/25,CISOExecNet - Virtual Event - 12/08/25,Marketing - CisoExecNet,CISOExecNet - Virtual Event - 12/08/25
,,,,,,,,
CISO XC,—,CISO XC - CHI - 07/17/26 - Attendees,1127,General,07/17/26,CISO XC - CHI - 07/17/26,Marketing - CISO XC,CISO XC - CHI - 07/17/26
CISO XC,—,CISO XC - ATL - 11/11/25 - Attendees,94,General,11/11/25,CISO XC - ATL - 11/11/25,Marketing - CISO XC,CISO XC - ATL - 11/11/25
,,,,,,,,
CyAlliance,,CyAlliance - Black Hat Party  - LV - 08/05/26 - Attendees,1383,General,08/05/26,CyAlliance - Black Hat Party  - LV - 08/05/26,Marketing - Cyalliance,CyAlliance - Black Hat Party  - LV - 08/05/26
CyAlliance,,CyAlliance - In-Person Event - RSA - 03/30/26 - Contacts,636,General,03/30/26,CyAlliance - In-Person Event - RSA - 03/30/26,Marketing - Cyalliance,CyAlliance - In-Person Event - RSA - 03/30/26
CyAlliance,,CyAlliance - In-Person Event - ATL - 03/14/26 - Contacts,481,General,03/14/26,CyAlliance - In-Person Event - ATL - 03/14/26,Marketing - Cyalliance,CyAlliance - In-Person Event - ATL - 03/14/26
CyAlliance,,CyAlliance - In-Person Event - ATX - 02/24/26 - Contacts,369,General,02/24/26,CyAlliance - In-Person Event - ATX - 02/24/26,Marketing - Cyalliance,CyAlliance - In-Person Event - ATX - 02/24/26
CyAlliance,,CyAlliance - In-Person Event - DFW - 02/20/26 - Contacts,362,General,02/20/26,CyAlliance - In-Person Event - DFW - 02/20/26,Marketing - Cyalliance,CyAlliance - In-Person Event - DFW - 02/20/26
CyAlliance,,CyAlliance - Virtual Event - 02/11/26 - Contacts,321,General,02/11/26,CyAlliance - Virtual Event - 02/11/26,Marketing - Cyalliance,CyAlliance - Virtual Event - 02/11/26
CyAlliance,,CyAlliance - Virtual Event - 01/09/26 - Contacts,151,General,01/09/26,CyAlliance - Virtual Event - 01/09/26,Marketing - Cyalliance,CyAlliance - Virtual Event - 01/09/26
,,,,,,,,
IANS,IANS - PHL - 05/20/26,IANS - PHL - 05/20/26 - Attendees,1354,General,05/20/26,IANS - PHL - 05/20/26,Marketing - IANS,IANS - PHL - 05/20/26
IANS,IANS - MPLS - 05/12/26,IANS - MPLS - 05/12/26 - Attendees,1353,General,05/12/26,IANS - MPLS - 05/12/26,Marketing - IANS,IANS - MPLS - 05/12/26
,,,,,,,,
Happy Hours,—,NTXISSA - Happy Hour - DFW - 08/13/26 - Attendees,1423,General,08/13/26,NTXISSA - Happy Hour - DFW - 08/13/26,Marketing - ISSA,NTXISSA - Happy Hour - DFW - 08/13/26
Happy Hours,—,Secure the Dish - 06/09/26 - Attendees,973,General,06/09/26,Secure the Dish - 06/09/26,Marketing - Secure the Dish,Secure the Dish - 06/09/26
Happy Hours,—,CISO Dinner - 10/08/25 - Attendees,63,General,10/08/25,CISO Dinner - 10/08/25,Marketing - CISO Dinner,CISO Dinner - 10/08/25
,,,,,,,,
Trade Shows,Gartner Security Summit - 2026,Gartner Security Summit - 06/04/26 - Contacts,962,General,06/04/26,Gartner Security Summit - 06/04/26,Marketing - Gartner,Gartner Security Summit - 06/04/26
Trade Shows,—,7AI - Tech Week - BOS - 06/01/26 - Attendees,937,General,06/01/26,7AI - Tech Week - BOS - 06/01/26,Marketing - 7AI Tech Week,7AI - Tech Week - BOS - 06/01/26
Trade Shows,Cybersecurity Summit - 2025,Cybersecurity Summit - NYC - 11/19/25 - Attendees,1356,General,11/19/25,Cybersecurity Summit - NYC - 11/19/25,Marketing - Cybersecurity Summit,Cybersecurity Summit - NYC - 11/19/25
Trade Shows,Cybersecurity Summit - 2025,Cybersecurity Summit - BOS - 10/20/25 - Attendees,1357,General,10/20/25,Cybersecurity Summit - BOS - 10/20/25,Marketing - Cybersecurity Summit,Cybersecurity Summit - BOS - 10/20/25
Trade Shows,—,SecureWorld - TopGolf - PHL - 05/12/26 - Attendees,889,General,05/12/26,SecureWorld - TopGolf - PHL - 05/12/26,Marketing - SecureWorld,SecureWorld - TopGolf - PHL - 05/12/26
Trade Shows,Intezer,Intezer - AI SOC Live - 04/28/26 - Contacts,863,General,04/28/26,Intezer - AI SOC Live - 04/28/26,Marketing - Intezer AI SOC Live,Intezer - AI SOC Live - 04/28/26
Trade Shows,—,RSAC - 03/31/26 - Attendees,640,General,03/31/26,RSAC - 03/31/26,Marketing - RSA,RSAC - 03/31/26
Trade Shows,FutureCon - BOS - 2025,FutureCon - BOS - 11/21/25 - Attendees,1358,General,11/21/25,FutureCon - BOS - 11/21/25,Marketing - FutureCon,FutureCon - BOS - 11/21/25
Trade Shows,—,IT Security Leaders Lunch - NE - 09/15/25 - Attendees,65,General,09/15/25,IT Security Leaders Lunch - NE - 09/15/25,Marketing - IT Security Leaders,IT Security Leaders Lunch - NE - 09/15/25